className,methodName,describe,Event A-object,Event A-behavious,Event A-API,Event B-object,Event B-behavious,Event B-API,Event C-object,Event C-behavious,Event C-API,Modal
,,,,,,,,,,,,
android.app.ActionBar.LayoutParams,"final void wait(long millis, int nanos)"," Causes the current thread to wait until another thread invokes the notify() method or the notifyAll() method for this object, or some other thread interrupts the current thread, or a certain amount of real time has elapsed.",ActionBar,wait,"android.app.ActionBar.LayoutParams.wait(long millis, int nanos)",ActionBar,notify() or notifyAll() or other,,,,,A until B
,,,,,,,,,,,,
android.app.ActionBar.LayoutParams,final void wait(long millis)," Causes the current thread to wait until either another thread invokes the notify() method or the notifyAll() method for this object, or a specified amount of time has elapsed.",ActionBar,wait,android.app.ActionBar.LayoutParams.wait(long millis),ActionBar,notify() or notifyAll() or other,,,,,A until B
,,,,,,,,,,,,
android.app.ActionBar.LayoutParams,final void wait(), Causes the current thread to wait until another thread invokes the notify() method or the notifyAll() method for this object.,ActionBar,wait,android.app.ActionBar.LayoutParams.wait(),ActionBar,notify() or notifyAll() or other,,,,,A until B
,,,,,,,,,,,,
android.app.Fragment.InstantiationException,"final void wait(long millis, int nanos)"," Causes the current thread to wait until another thread invokes the notify() method or the notifyAll() method for this object, or some other thread interrupts the current thread, or a certain amount of real time has elapsed.",Fragment,wait,"android.app.Fragment.InstantiationException.wait(long millis, int nanos)",Fragment,notify() or notifyAll() or other,,,,,A until B
,,,,,,,,,,,,
android.app.Fragment.InstantiationException,final void wait(long millis)," Causes the current thread to wait until either another thread invokes the notify() method or the notifyAll() method for this object, or a specified amount of time has elapsed.",Fragment,wait,android.app.Fragment.InstantiationException.wait(long millis),Fragment,notify() or notifyAll() or other,,,,,A until B
,,,,,,,,,,,,
android.app.Fragment.InstantiationException,final void wait(), Causes the current thread to wait until another thread invokes the notify() method or the notifyAll() method for this object.,Fragment,wait,android.app.Fragment.InstantiationException.wait(),Fragment,notify() or notifyAll() or other,,,,,A until B
,,,,,,,,,,,,
android.app.Fragment,void postponeEnterTransition(), Postpone the entering Fragment transition until startPostponedEnterTransition() or executePendingTransactions() has been called.,Fragment, Postpone,android.app.Fragment. postponeEnterTransition(),Fragment, startPostponed,android.app.Fragment. startPostponedEnterTransition(),Fragment,executePendingTransactions,android.app.Fragment. executePendingTransactions(),A must until B or C
,,,,,,,,,,,,
android.app.Notification.DecoratedCustomViewStyle,"final void wait(long millis, int nanos)"," Causes the current thread to wait until another thread invokes the notify() method or the notifyAll() method for this object, or some other thread interrupts the current thread, or a certain amount of real time has elapsed.",,,,,,,,,,
,,,,,,,,,,,,
android.app.Notification.DecoratedCustomViewStyle,final void wait(long millis)," Causes the current thread to wait until either another thread invokes the notify() method or the notifyAll() method for this object, or a specified amount of time has elapsed.",,,,,,,,,,
,,,,,,,,,,,,
android.app.Notification.DecoratedCustomViewStyle,final void wait(), Causes the current thread to wait until another thread invokes the notify() method or the notifyAll() method for this object.,,,,,,,,,,
,,,,,,,,,,,,
android.app.Notification.DecoratedMediaCustomViewStyle,"final void wait(long millis, int nanos)"," Causes the current thread to wait until another thread invokes the notify() method or the notifyAll() method for this object, or some other thread interrupts the current thread, or a certain amount of real time has elapsed.",,,,,,,,,,
,,,,,,,,,,,,
android.app.Notification.DecoratedMediaCustomViewStyle,final void wait(long millis)," Causes the current thread to wait until either another thread invokes the notify() method or the notifyAll() method for this object, or a specified amount of time has elapsed.",,,,,,,,,,
,,,,,,,,,,,,
android.app.Notification.DecoratedMediaCustomViewStyle,final void wait(), Causes the current thread to wait until another thread invokes the notify() method or the notifyAll() method for this object.,,,,,,,,,,
,,,,,,,,,,,,
android.media.AudioFocusRequest.Builder,AudioFocusRequest.Builder setOnAudioFocusChangeListener(AudioManager.OnAudioFocusChangeListener listener)," Sets the listener called when audio focus changes after being requested with requestAudioFocus(AudioFocusRequest), and until being abandoned with abandonAudioFocusRequest(AudioFocusRequest).",audio,set listener,android.media.AudioFocusRequest.Builder.setOnAudioFocusChangeListener(AudioManager.OnAudioFocusChangeListener listener),audio,request audio focus,android.media.AudioManager.requestAudioFocus(AudioFocusRequest),audio,abandon audio focus,android.media.AudioManager.abandonAudioFocusRequest(AudioFocusRequest).,A must after B and until C
,,,,,,,,,,,,
android.media.AudioFocusRequest.Builder,"AudioFocusRequest.Builder setOnAudioFocusChangeListener(AudioManager.OnAudioFocusChangeListener listener, Handler handler)"," Sets the listener called when audio focus changes after being requested with requestAudioFocus(AudioFocusRequest), and until being abandoned with abandonAudioFocusRequest(AudioFocusRequest).",audio,set listener,"android.media.AudioFocusRequest.Builder.setOnAudioFocusChangeListener(AudioManager.OnAudioFocusChangeListener listener, Handler handler)",audio,request audio focus,android.media.AudioManager.requestAudioFocus(AudioFocusRequest),audio,abandon audio focus,android.media.AudioManager.abandonAudioFocusRequest(AudioFocusRequest).,A must after B and until C
,,,,,,,,,,,,
android.media.audiofx.AudioEffect.Descriptor,"final void wait(long millis, int nanos)"," Causes the current thread to wait until another thread invokes the notify() method or the notifyAll() method for this object, or some other thread interrupts the current thread, or a certain amount of real time has elapsed.",,,,,,,,,,
,,,,,,,,,,,,
android.media.audiofx.AudioEffect.Descriptor,final void wait(long millis)," Causes the current thread to wait until either another thread invokes the notify() method or the notifyAll() method for this object, or a specified amount of time has elapsed.",,,,,,,,,,
,,,,,,,,,,,,
android.media.audiofx.AudioEffect.Descriptor,final void wait(), Causes the current thread to wait until another thread invokes the notify() method or the notifyAll() method for this object.,,,,,,,,,,
,,,,,,,,,,,,
android.media.audiofx.Visualizer.MeasurementPeakRms,"final void wait(long millis, int nanos)"," Causes the current thread to wait until another thread invokes the notify() method or the notifyAll() method for this object, or some other thread interrupts the current thread, or a certain amount of real time has elapsed.",,,,,,,,,,
,,,,,,,,,,,,
android.media.audiofx.Visualizer.MeasurementPeakRms,final void wait(long millis)," Causes the current thread to wait until either another thread invokes the notify() method or the notifyAll() method for this object, or a specified amount of time has elapsed.",,,,,,,,,,
,,,,,,,,,,,,
android.media.audiofx.Visualizer.MeasurementPeakRms,final void wait(), Causes the current thread to wait until another thread invokes the notify() method or the notifyAll() method for this object.,,,,,,,,,,
,,,,,,,,,,,,
android.media.AudioRecord.MetricsConstants,"final void wait(long millis, int nanos)"," Causes the current thread to wait until another thread invokes the notify() method or the notifyAll() method for this object, or some other thread interrupts the current thread, or a certain amount of real time has elapsed.",,,,,,,,,,
,,,,,,,,,,,,
android.media.AudioRecord.MetricsConstants,final void wait(long millis)," Causes the current thread to wait until either another thread invokes the notify() method or the notifyAll() method for this object, or a specified amount of time has elapsed.",,,,,,,,,,
,,,,,,,,,,,,
android.media.AudioRecord.MetricsConstants,final void wait(), Causes the current thread to wait until another thread invokes the notify() method or the notifyAll() method for this object.,,,,,,,,,,
,,,,,,,,,,,,
android.media.AudioTimestamp,"final void wait(long millis, int nanos)"," Causes the current thread to wait until another thread invokes the notify() method or the notifyAll() method for this object, or some other thread interrupts the current thread, or a certain amount of real time has elapsed.",,,,,,,,,,
,,,,,,,,,,,,
android.media.AudioTimestamp,final void wait(long millis)," Causes the current thread to wait until either another thread invokes the notify() method or the notifyAll() method for this object, or a specified amount of time has elapsed.",,,,,,,,,,
,,,,,,,,,,,,
android.media.AudioTimestamp,final void wait(), Causes the current thread to wait until another thread invokes the notify() method or the notifyAll() method for this object.,,,,,,,,,,
,,,,,,,,,,,,
android.media.AudioTrack.MetricsConstants,"final void wait(long millis, int nanos)"," Causes the current thread to wait until another thread invokes the notify() method or the notifyAll() method for this object, or some other thread interrupts the current thread, or a certain amount of real time has elapsed.",,,,,,,,,,
,,,,,,,,,,,,
android.media.AudioTrack.MetricsConstants,final void wait(long millis)," Causes the current thread to wait until either another thread invokes the notify() method or the notifyAll() method for this object, or a specified amount of time has elapsed.",,,,,,,,,,
,,,,,,,,,,,,
android.media.AudioTrack.MetricsConstants,final void wait(), Causes the current thread to wait until another thread invokes the notify() method or the notifyAll() method for this object.,,,,,,,,,,
,,,,,,,,,,,,
android.media.DeniedByServerException,"final void wait(long millis, int nanos)"," Causes the current thread to wait until another thread invokes the notify() method or the notifyAll() method for this object, or some other thread interrupts the current thread, or a certain amount of real time has elapsed.",,,,,,,,,,
,,,,,,,,,,,,
android.media.DeniedByServerException,final void wait(long millis)," Causes the current thread to wait until either another thread invokes the notify() method or the notifyAll() method for this object, or a specified amount of time has elapsed.",,,,,,,,,,
,,,,,,,,,,,,
android.media.DeniedByServerException,final void wait(), Causes the current thread to wait until another thread invokes the notify() method or the notifyAll() method for this object.,,,,,,,,,,
,,,,,,,,,,,,
android.media.MediaCasException.DeniedByServerException,"final void wait(long millis, int nanos)"," Causes the current thread to wait until another thread invokes the notify() method or the notifyAll() method for this object, or some other thread interrupts the current thread, or a certain amount of real time has elapsed.",,,,,,,,,,
,,,,,,,,,,,,
android.media.MediaCasException.DeniedByServerException,final void wait(long millis)," Causes the current thread to wait until either another thread invokes the notify() method or the notifyAll() method for this object, or a specified amount of time has elapsed.",,,,,,,,,,
,,,,,,,,,,,,
android.media.MediaCasException.DeniedByServerException,final void wait(), Causes the current thread to wait until another thread invokes the notify() method or the notifyAll() method for this object.,,,,,,,,,,
,,,,,,,,,,,,
android.media.MediaCasException.NotProvisionedException,"final void wait(long millis, int nanos)"," Causes the current thread to wait until another thread invokes the notify() method or the notifyAll() method for this object, or some other thread interrupts the current thread, or a certain amount of real time has elapsed.",,,,,,,,,,
,,,,,,,,,,,,
android.media.MediaCasException.NotProvisionedException,final void wait(long millis)," Causes the current thread to wait until either another thread invokes the notify() method or the notifyAll() method for this object, or a specified amount of time has elapsed.",,,,,,,,,,
,,,,,,,,,,,,
android.media.MediaCasException.NotProvisionedException,final void wait(), Causes the current thread to wait until another thread invokes the notify() method or the notifyAll() method for this object.,,,,,,,,,,
,,,,,,,,,,,,
android.media.MediaCasException.ResourceBusyException,"final void wait(long millis, int nanos)"," Causes the current thread to wait until another thread invokes the notify() method or the notifyAll() method for this object, or some other thread interrupts the current thread, or a certain amount of real time has elapsed.",,,,,,,,,,
,,,,,,,,,,,,
android.media.MediaCasException.ResourceBusyException,final void wait(long millis)," Causes the current thread to wait until either another thread invokes the notify() method or the notifyAll() method for this object, or a specified amount of time has elapsed.",,,,,,,,,,
,,,,,,,,,,,,
android.media.MediaCasException.ResourceBusyException,final void wait(), Causes the current thread to wait until another thread invokes the notify() method or the notifyAll() method for this object.,,,,,,,,,,
,,,,,,,,,,,,
android.media.MediaCasException,"final void wait(long millis, int nanos)"," Causes the current thread to wait until another thread invokes the notify() method or the notifyAll() method for this object, or some other thread interrupts the current thread, or a certain amount of real time has elapsed.",,,,,,,,,,
,,,,,,,,,,,,
android.media.MediaCasException,final void wait(long millis)," Causes the current thread to wait until either another thread invokes the notify() method or the notifyAll() method for this object, or a specified amount of time has elapsed.",,,,,,,,,,
,,,,,,,,,,,,
android.media.MediaCasException,final void wait(), Causes the current thread to wait until another thread invokes the notify() method or the notifyAll() method for this object.,,,,,,,,,,
,,,,,,,,,,,,
android.media.MediaCasException.UnsupportedCasException,"final void wait(long millis, int nanos)"," Causes the current thread to wait until another thread invokes the notify() method or the notifyAll() method for this object, or some other thread interrupts the current thread, or a certain amount of real time has elapsed.",,,,,,,,,,
,,,,,,,,,,,,
android.media.MediaCasException.UnsupportedCasException,final void wait(long millis)," Causes the current thread to wait until either another thread invokes the notify() method or the notifyAll() method for this object, or a specified amount of time has elapsed.",,,,,,,,,,
,,,,,,,,,,,,
android.media.MediaCasException.UnsupportedCasException,final void wait(), Causes the current thread to wait until another thread invokes the notify() method or the notifyAll() method for this object.,,,,,,,,,,
,,,,,,,,,,,,
android.media.MediaCodec.MetricsConstants,"final void wait(long millis, int nanos)"," Causes the current thread to wait until another thread invokes the notify() method or the notifyAll() method for this object, or some other thread interrupts the current thread, or a certain amount of real time has elapsed.",,,,,,,,,,
,,,,,,,,,,,,
android.media.MediaCodec.MetricsConstants,final void wait(long millis)," Causes the current thread to wait until either another thread invokes the notify() method or the notifyAll() method for this object, or a specified amount of time has elapsed.",,,,,,,,,,
,,,,,,,,,,,,
android.media.MediaCodec.MetricsConstants,final void wait(), Causes the current thread to wait until another thread invokes the notify() method or the notifyAll() method for this object.,,,,,,,,,,
,,,,,,,,,,,,
android.media.MediaCodecInfo.CodecProfileLevel,"final void wait(long millis, int nanos)"," Causes the current thread to wait until another thread invokes the notify() method or the notifyAll() method for this object, or some other thread interrupts the current thread, or a certain amount of real time has elapsed.",,,,,,,,,,
,,,,,,,,,,,,
android.media.MediaCodecInfo.CodecProfileLevel,final void wait(long millis)," Causes the current thread to wait until either another thread invokes the notify() method or the notifyAll() method for this object, or a specified amount of time has elapsed.",,,,,,,,,,
,,,,,,,,,,,,
android.media.MediaCodecInfo.CodecProfileLevel,final void wait(), Causes the current thread to wait until another thread invokes the notify() method or the notifyAll() method for this object.,,,,,,,,,,
,,,,,,,,,,,,
android.media.MediaCryptoException,"final void wait(long millis, int nanos)"," Causes the current thread to wait until another thread invokes the notify() method or the notifyAll() method for this object, or some other thread interrupts the current thread, or a certain amount of real time has elapsed.",,,,,,,,,,
,,,,,,,,,,,,
android.media.MediaCryptoException,final void wait(long millis)," Causes the current thread to wait until either another thread invokes the notify() method or the notifyAll() method for this object, or a specified amount of time has elapsed.",,,,,,,,,,
,,,,,,,,,,,,
android.media.MediaCryptoException,final void wait(), Causes the current thread to wait until another thread invokes the notify() method or the notifyAll() method for this object.,,,,,,,,,,
,,,,,,,,,,,,
android.media.MediaDrm.MetricsConstants,"final void wait(long millis, int nanos)"," Causes the current thread to wait until another thread invokes the notify() method or the notifyAll() method for this object, or some other thread interrupts the current thread, or a certain amount of real time has elapsed.",,,,,,,,,,
,,,,,,,,,,,,
android.media.MediaDrm.MetricsConstants,final void wait(long millis)," Causes the current thread to wait until either another thread invokes the notify() method or the notifyAll() method for this object, or a specified amount of time has elapsed.",,,,,,,,,,
,,,,,,,,,,,,
android.media.MediaDrm.MetricsConstants,final void wait(), Causes the current thread to wait until another thread invokes the notify() method or the notifyAll() method for this object.,,,,,,,,,,
,,,,,,,,,,,,
android.media.MediaDrmException,"final void wait(long millis, int nanos)"," Causes the current thread to wait until another thread invokes the notify() method or the notifyAll() method for this object, or some other thread interrupts the current thread, or a certain amount of real time has elapsed.",,,,,,,,,,
,,,,,,,,,,,,
android.media.MediaDrmException,final void wait(long millis)," Causes the current thread to wait until either another thread invokes the notify() method or the notifyAll() method for this object, or a specified amount of time has elapsed.",,,,,,,,,,
,,,,,,,,,,,,
android.media.MediaDrmException,final void wait(), Causes the current thread to wait until another thread invokes the notify() method or the notifyAll() method for this object.,,,,,,,,,,
,,,,,,,,,,,,
android.media.MediaDrmResetException,"final void wait(long millis, int nanos)"," Causes the current thread to wait until another thread invokes the notify() method or the notifyAll() method for this object, or some other thread interrupts the current thread, or a certain amount of real time has elapsed.",,,,,,,,,,
,,,,,,,,,,,,
android.media.MediaDrmResetException,final void wait(long millis)," Causes the current thread to wait until either another thread invokes the notify() method or the notifyAll() method for this object, or a specified amount of time has elapsed.",,,,,,,,,,
,,,,,,,,,,,,
android.media.MediaDrmResetException,final void wait(), Causes the current thread to wait until another thread invokes the notify() method or the notifyAll() method for this object.,,,,,,,,,,
,,,,,,,,,,,,
android.media.MediaExtractor.MetricsConstants,"final void wait(long millis, int nanos)"," Causes the current thread to wait until another thread invokes the notify() method or the notifyAll() method for this object, or some other thread interrupts the current thread, or a certain amount of real time has elapsed.",,,,,,,,,,
,,,,,,,,,,,,
android.media.MediaExtractor.MetricsConstants,final void wait(long millis)," Causes the current thread to wait until either another thread invokes the notify() method or the notifyAll() method for this object, or a specified amount of time has elapsed.",,,,,,,,,,
,,,,,,,,,,,,
android.media.MediaExtractor.MetricsConstants,final void wait(), Causes the current thread to wait until another thread invokes the notify() method or the notifyAll() method for this object.,,,,,,,,,,
,,,,,,,,,,,,
android.media.MediaMuxer.OutputFormat,"final void wait(long millis, int nanos)"," Causes the current thread to wait until another thread invokes the notify() method or the notifyAll() method for this object, or some other thread interrupts the current thread, or a certain amount of real time has elapsed.",,,,,,,,,,
,,,,,,,,,,,,
android.media.MediaMuxer.OutputFormat,final void wait(long millis)," Causes the current thread to wait until either another thread invokes the notify() method or the notifyAll() method for this object, or a specified amount of time has elapsed.",,,,,,,,,,
,,,,,,,,,,,,
android.media.MediaMuxer.OutputFormat,final void wait(), Causes the current thread to wait until another thread invokes the notify() method or the notifyAll() method for this object.,,,,,,,,,,
,,,,,,,,,,,,
android.media.MediaPlayer.MetricsConstants,"final void wait(long millis, int nanos)"," Causes the current thread to wait until another thread invokes the notify() method or the notifyAll() method for this object, or some other thread interrupts the current thread, or a certain amount of real time has elapsed.",,,,,,,,,,
,,,,,,,,,,,,
android.media.MediaPlayer.MetricsConstants,final void wait(long millis)," Causes the current thread to wait until either another thread invokes the notify() method or the notifyAll() method for this object, or a specified amount of time has elapsed.",,,,,,,,,,
,,,,,,,,,,,,
android.media.MediaPlayer.MetricsConstants,final void wait(), Causes the current thread to wait until another thread invokes the notify() method or the notifyAll() method for this object.,,,,,,,,,,
,,,,,,,,,,,,
android.media.MediaPlayer.NoDrmSchemeException,"final void wait(long millis, int nanos)"," Causes the current thread to wait until another thread invokes the notify() method or the notifyAll() method for this object, or some other thread interrupts the current thread, or a certain amount of real time has elapsed.",,,,,,,,,,
,,,,,,,,,,,,
android.media.MediaPlayer.NoDrmSchemeException,final void wait(long millis)," Causes the current thread to wait until either another thread invokes the notify() method or the notifyAll() method for this object, or a specified amount of time has elapsed.",,,,,,,,,,
,,,,,,,,,,,,
android.media.MediaPlayer.NoDrmSchemeException,final void wait(), Causes the current thread to wait until another thread invokes the notify() method or the notifyAll() method for this object.,,,,,,,,,,
,,,,,,,,,,,,
android.media.MediaPlayer.ProvisioningNetworkErrorException,"final void wait(long millis, int nanos)"," Causes the current thread to wait until another thread invokes the notify() method or the notifyAll() method for this object, or some other thread interrupts the current thread, or a certain amount of real time has elapsed.",,,,,,,,,,
,,,,,,,,,,,,
android.media.MediaPlayer.ProvisioningNetworkErrorException,final void wait(long millis)," Causes the current thread to wait until either another thread invokes the notify() method or the notifyAll() method for this object, or a specified amount of time has elapsed.",,,,,,,,,,
,,,,,,,,,,,,
android.media.MediaPlayer.ProvisioningNetworkErrorException,final void wait(), Causes the current thread to wait until another thread invokes the notify() method or the notifyAll() method for this object.,,,,,,,,,,
,,,,,,,,,,,,
android.media.MediaPlayer.ProvisioningServerErrorException,"final void wait(long millis, int nanos)"," Causes the current thread to wait until another thread invokes the notify() method or the notifyAll() method for this object, or some other thread interrupts the current thread, or a certain amount of real time has elapsed.",,,,,,,,,,
,,,,,,,,,,,,
android.media.MediaPlayer.ProvisioningServerErrorException,final void wait(long millis)," Causes the current thread to wait until either another thread invokes the notify() method or the notifyAll() method for this object, or a specified amount of time has elapsed.",,,,,,,,,,
,,,,,,,,,,,,
android.media.MediaPlayer.ProvisioningServerErrorException,final void wait(), Causes the current thread to wait until another thread invokes the notify() method or the notifyAll() method for this object.,,,,,,,,,,
,,,,,,,,,,,,
android.media.MediaPlayer2.MetricsConstants,"final void wait(long millis, int nanos)"," Causes the current thread to wait until another thread invokes the notify() method or the notifyAll() method for this object, or some other thread interrupts the current thread, or a certain amount of real time has elapsed.",,,,,,,,,,
,,,,,,,,,,,,
android.media.MediaPlayer2.MetricsConstants,final void wait(long millis)," Causes the current thread to wait until either another thread invokes the notify() method or the notifyAll() method for this object, or a specified amount of time has elapsed.",,,,,,,,,,
,,,,,,,,,,,,
android.media.MediaPlayer2.MetricsConstants,final void wait(), Causes the current thread to wait until another thread invokes the notify() method or the notifyAll() method for this object.,,,,,,,,,,
,,,,,,,,,,,,
android.media.MediaPlayer2.NoDrmSchemeException,"final void wait(long millis, int nanos)"," Causes the current thread to wait until another thread invokes the notify() method or the notifyAll() method for this object, or some other thread interrupts the current thread, or a certain amount of real time has elapsed.",,,,,,,,,,
,,,,,,,,,,,,
android.media.MediaPlayer2.NoDrmSchemeException,final void wait(long millis)," Causes the current thread to wait until either another thread invokes the notify() method or the notifyAll() method for this object, or a specified amount of time has elapsed.",,,,,,,,,,
,,,,,,,,,,,,
android.media.MediaPlayer2.NoDrmSchemeException,final void wait(), Causes the current thread to wait until another thread invokes the notify() method or the notifyAll() method for this object.,,,,,,,,,,
,,,,,,,,,,,,
android.media.MediaPlayer2.ProvisioningNetworkErrorException,"final void wait(long millis, int nanos)"," Causes the current thread to wait until another thread invokes the notify() method or the notifyAll() method for this object, or some other thread interrupts the current thread, or a certain amount of real time has elapsed.",,,,,,,,,,
,,,,,,,,,,,,
android.media.MediaPlayer2.ProvisioningNetworkErrorException,final void wait(long millis)," Causes the current thread to wait until either another thread invokes the notify() method or the notifyAll() method for this object, or a specified amount of time has elapsed.",,,,,,,,,,
,,,,,,,,,,,,
android.media.MediaPlayer2.ProvisioningNetworkErrorException,final void wait(), Causes the current thread to wait until another thread invokes the notify() method or the notifyAll() method for this object.,,,,,,,,,,
,,,,,,,,,,,,
android.media.MediaPlayer2.ProvisioningServerErrorException,"final void wait(long millis, int nanos)"," Causes the current thread to wait until another thread invokes the notify() method or the notifyAll() method for this object, or some other thread interrupts the current thread, or a certain amount of real time has elapsed.",,,,,,,,,,
,,,,,,,,,,,,
android.media.MediaPlayer2.ProvisioningServerErrorException,final void wait(long millis)," Causes the current thread to wait until either another thread invokes the notify() method or the notifyAll() method for this object, or a specified amount of time has elapsed.",,,,,,,,,,
,,,,,,,,,,,,
android.media.MediaPlayer2.ProvisioningServerErrorException,final void wait(), Causes the current thread to wait until another thread invokes the notify() method or the notifyAll() method for this object.,,,,,,,,,,
,,,,,,,,,,,,
android.media.MediaRecorder.AudioEncoder,"final void wait(long millis, int nanos)"," Causes the current thread to wait until another thread invokes the notify() method or the notifyAll() method for this object, or some other thread interrupts the current thread, or a certain amount of real time has elapsed.",,,,,,,,,,
,,,,,,,,,,,,
android.media.MediaRecorder.AudioEncoder,final void wait(long millis)," Causes the current thread to wait until either another thread invokes the notify() method or the notifyAll() method for this object, or a specified amount of time has elapsed.",,,,,,,,,,
,,,,,,,,,,,,
android.media.MediaRecorder.AudioEncoder,final void wait(), Causes the current thread to wait until another thread invokes the notify() method or the notifyAll() method for this object.,,,,,,,,,,
,,,,,,,,,,,,
android.media.MediaRecorder.AudioSource,"final void wait(long millis, int nanos)"," Causes the current thread to wait until another thread invokes the notify() method or the notifyAll() method for this object, or some other thread interrupts the current thread, or a certain amount of real time has elapsed.",,,,,,,,,,
,,,,,,,,,,,,
android.media.MediaRecorder.AudioSource,final void wait(long millis)," Causes the current thread to wait until either another thread invokes the notify() method or the notifyAll() method for this object, or a specified amount of time has elapsed.",,,,,,,,,,
,,,,,,,,,,,,
android.media.MediaRecorder.AudioSource,final void wait(), Causes the current thread to wait until another thread invokes the notify() method or the notifyAll() method for this object.,,,,,,,,,,
,,,,,,,,,,,,
android.media.MediaRecorder.MetricsConstants,"final void wait(long millis, int nanos)"," Causes the current thread to wait until another thread invokes the notify() method or the notifyAll() method for this object, or some other thread interrupts the current thread, or a certain amount of real time has elapsed.",,,,,,,,,,
,,,,,,,,,,,,
android.media.MediaRecorder.MetricsConstants,final void wait(long millis)," Causes the current thread to wait until either another thread invokes the notify() method or the notifyAll() method for this object, or a specified amount of time has elapsed.",,,,,,,,,,
,,,,,,,,,,,,
android.media.MediaRecorder.MetricsConstants,final void wait(), Causes the current thread to wait until another thread invokes the notify() method or the notifyAll() method for this object.,,,,,,,,,,
,,,,,,,,,,,,
android.media.MediaRecorder.OutputFormat,"final void wait(long millis, int nanos)"," Causes the current thread to wait until another thread invokes the notify() method or the notifyAll() method for this object, or some other thread interrupts the current thread, or a certain amount of real time has elapsed.",,,,,,,,,,
,,,,,,,,,,,,
android.media.MediaRecorder.OutputFormat,final void wait(long millis)," Causes the current thread to wait until either another thread invokes the notify() method or the notifyAll() method for this object, or a specified amount of time has elapsed.",,,,,,,,,,
,,,,,,,,,,,,
android.media.MediaRecorder.OutputFormat,final void wait(), Causes the current thread to wait until another thread invokes the notify() method or the notifyAll() method for this object.,,,,,,,,,,
,,,,,,,,,,,,
android.media.MediaRecorder.VideoEncoder,"final void wait(long millis, int nanos)"," Causes the current thread to wait until another thread invokes the notify() method or the notifyAll() method for this object, or some other thread interrupts the current thread, or a certain amount of real time has elapsed.",,,,,,,,,,
,,,,,,,,,,,,
android.media.MediaRecorder.VideoEncoder,final void wait(long millis)," Causes the current thread to wait until either another thread invokes the notify() method or the notifyAll() method for this object, or a specified amount of time has elapsed.",,,,,,,,,,
,,,,,,,,,,,,
android.media.MediaRecorder.VideoEncoder,final void wait(), Causes the current thread to wait until another thread invokes the notify() method or the notifyAll() method for this object.,,,,,,,,,,
,,,,,,,,,,,,
android.media.MediaRecorder.VideoSource,"final void wait(long millis, int nanos)"," Causes the current thread to wait until another thread invokes the notify() method or the notifyAll() method for this object, or some other thread interrupts the current thread, or a certain amount of real time has elapsed.",,,,,,,,,,
,,,,,,,,,,,,
android.media.MediaRecorder.VideoSource,final void wait(long millis)," Causes the current thread to wait until either another thread invokes the notify() method or the notifyAll() method for this object, or a specified amount of time has elapsed.",,,,,,,,,,
,,,,,,,,,,,,
android.media.MediaRecorder.VideoSource,final void wait(), Causes the current thread to wait until another thread invokes the notify() method or the notifyAll() method for this object.,,,,,,,,,,
,,,,,,,,,,,,
android.media.MicrophoneInfo.Coordinate3F,"final void wait(long millis, int nanos)"," Causes the current thread to wait until another thread invokes the notify() method or the notifyAll() method for this object, or some other thread interrupts the current thread, or a certain amount of real time has elapsed.",,,,,,,,,,
,,,,,,,,,,,,
android.media.MicrophoneInfo.Coordinate3F,final void wait(long millis)," Causes the current thread to wait until either another thread invokes the notify() method or the notifyAll() method for this object, or a specified amount of time has elapsed.",,,,,,,,,,
,,,,,,,,,,,,
android.media.MicrophoneInfo.Coordinate3F,final void wait(), Causes the current thread to wait until another thread invokes the notify() method or the notifyAll() method for this object.,,,,,,,,,,
,,,,,,,,,,,,
android.media.NotProvisionedException,"final void wait(long millis, int nanos)"," Causes the current thread to wait until another thread invokes the notify() method or the notifyAll() method for this object, or some other thread interrupts the current thread, or a certain amount of real time has elapsed.",,,,,,,,,,
,,,,,,,,,,,,
android.media.NotProvisionedException,final void wait(long millis)," Causes the current thread to wait until either another thread invokes the notify() method or the notifyAll() method for this object, or a specified amount of time has elapsed.",,,,,,,,,,
,,,,,,,,,,,,
android.media.NotProvisionedException,final void wait(), Causes the current thread to wait until another thread invokes the notify() method or the notifyAll() method for this object.,,,,,,,,,,
,,,,,,,,,,,,
android.media.ResourceBusyException,"final void wait(long millis, int nanos)"," Causes the current thread to wait until another thread invokes the notify() method or the notifyAll() method for this object, or some other thread interrupts the current thread, or a certain amount of real time has elapsed.",,,,,,,,,,
,,,,,,,,,,,,
android.media.ResourceBusyException,final void wait(long millis)," Causes the current thread to wait until either another thread invokes the notify() method or the notifyAll() method for this object, or a specified amount of time has elapsed.",,,,,,,,,,
,,,,,,,,,,,,
android.media.ResourceBusyException,final void wait(), Causes the current thread to wait until another thread invokes the notify() method or the notifyAll() method for this object.,,,,,,,,,,
,,,,,,,,,,,,
android.media.tv.TvContract.Channels.Logo,"final void wait(long millis, int nanos)"," Causes the current thread to wait until another thread invokes the notify() method or the notifyAll() method for this object, or some other thread interrupts the current thread, or a certain amount of real time has elapsed.",,,,,,,,,,
,,,,,,,,,,,,
android.media.tv.TvContract.Channels.Logo,final void wait(long millis)," Causes the current thread to wait until either another thread invokes the notify() method or the notifyAll() method for this object, or a specified amount of time has elapsed.",,,,,,,,,,
,,,,,,,,,,,,
android.media.tv.TvContract.Channels.Logo,final void wait(), Causes the current thread to wait until another thread invokes the notify() method or the notifyAll() method for this object.,,,,,,,,,,
,,,,,,,,,,,,
android.media.tv.TvContract.PreviewPrograms,"final void wait(long millis, int nanos)"," Causes the current thread to wait until another thread invokes the notify() method or the notifyAll() method for this object, or some other thread interrupts the current thread, or a certain amount of real time has elapsed.",,,,,,,,,,
,,,,,,,,,,,,
android.media.tv.TvContract.PreviewPrograms,final void wait(long millis)," Causes the current thread to wait until either another thread invokes the notify() method or the notifyAll() method for this object, or a specified amount of time has elapsed.",,,,,,,,,,
,,,,,,,,,,,,
android.media.tv.TvContract.PreviewPrograms,final void wait(), Causes the current thread to wait until another thread invokes the notify() method or the notifyAll() method for this object.,,,,,,,,,,
,,,,,,,,,,,,
android.media.tv.TvContract.Programs,"final void wait(long millis, int nanos)"," Causes the current thread to wait until another thread invokes the notify() method or the notifyAll() method for this object, or some other thread interrupts the current thread, or a certain amount of real time has elapsed.",,,,,,,,,,
,,,,,,,,,,,,
android.media.tv.TvContract.Programs,final void wait(long millis)," Causes the current thread to wait until either another thread invokes the notify() method or the notifyAll() method for this object, or a specified amount of time has elapsed.",,,,,,,,,,
,,,,,,,,,,,,
android.media.tv.TvContract.Programs,final void wait(), Causes the current thread to wait until another thread invokes the notify() method or the notifyAll() method for this object.,,,,,,,,,,
,,,,,,,,,,,,
android.media.tv.TvContract.RecordedPrograms,"final void wait(long millis, int nanos)"," Causes the current thread to wait until another thread invokes the notify() method or the notifyAll() method for this object, or some other thread interrupts the current thread, or a certain amount of real time has elapsed.",,,,,,,,,,
,,,,,,,,,,,,
android.media.tv.TvContract.RecordedPrograms,final void wait(long millis)," Causes the current thread to wait until either another thread invokes the notify() method or the notifyAll() method for this object, or a specified amount of time has elapsed.",,,,,,,,,,
,,,,,,,,,,,,
android.media.tv.TvContract.RecordedPrograms,final void wait(), Causes the current thread to wait until another thread invokes the notify() method or the notifyAll() method for this object.,,,,,,,,,,
,,,,,,,,,,,,
android.media.tv.TvContract.WatchNextPrograms,"final void wait(long millis, int nanos)"," Causes the current thread to wait until another thread invokes the notify() method or the notifyAll() method for this object, or some other thread interrupts the current thread, or a certain amount of real time has elapsed.",,,,,,,,,,
,,,,,,,,,,,,
android.media.tv.TvContract.WatchNextPrograms,final void wait(long millis)," Causes the current thread to wait until either another thread invokes the notify() method or the notifyAll() method for this object, or a specified amount of time has elapsed.",,,,,,,,,,
,,,,,,,,,,,,
android.media.tv.TvContract.WatchNextPrograms,final void wait(), Causes the current thread to wait until another thread invokes the notify() method or the notifyAll() method for this object.,,,,,,,,,,
,,,,,,,,,,,,
android.media.UnsupportedSchemeException,"final void wait(long millis, int nanos)"," Causes the current thread to wait until another thread invokes the notify() method or the notifyAll() method for this object, or some other thread interrupts the current thread, or a certain amount of real time has elapsed.",,,,,,,,,,
,,,,,,,,,,,,
android.media.UnsupportedSchemeException,final void wait(long millis)," Causes the current thread to wait until either another thread invokes the notify() method or the notifyAll() method for this object, or a specified amount of time has elapsed.",,,,,,,,,,
,,,,,,,,,,,,
android.media.UnsupportedSchemeException,final void wait(), Causes the current thread to wait until another thread invokes the notify() method or the notifyAll() method for this object.,,,,,,,,,,
,,,,,,,,,,,,
android.net.IpSecManager.ResourceUnavailableException,"final void wait(long millis, int nanos)"," Causes the current thread to wait until another thread invokes the notify() method or the notifyAll() method for this object, or some other thread interrupts the current thread, or a certain amount of real time has elapsed.",,,,,,,,,,
,,,,,,,,,,,,
android.net.IpSecManager.ResourceUnavailableException,final void wait(long millis)," Causes the current thread to wait until either another thread invokes the notify() method or the notifyAll() method for this object, or a specified amount of time has elapsed.",,,,,,,,,,
,,,,,,,,,,,,
android.net.IpSecManager.ResourceUnavailableException,final void wait(), Causes the current thread to wait until another thread invokes the notify() method or the notifyAll() method for this object.,,,,,,,,,,
,,,,,,,,,,,,
android.net.NetworkSpecifier,"final void wait(long millis, int nanos)"," Causes the current thread to wait until another thread invokes the notify() method or the notifyAll() method for this object, or some other thread interrupts the current thread, or a certain amount of real time has elapsed.",,,,,,,,,,
,,,,,,,,,,,,
android.net.NetworkSpecifier,final void wait(long millis)," Causes the current thread to wait until either another thread invokes the notify() method or the notifyAll() method for this object, or a specified amount of time has elapsed.",,,,,,,,,,
,,,,,,,,,,,,
android.net.NetworkSpecifier,final void wait(), Causes the current thread to wait until another thread invokes the notify() method or the notifyAll() method for this object.,,,,,,,,,,
,,,,,,,,,,,,
android.net.ParseException,"final void wait(long millis, int nanos)"," Causes the current thread to wait until another thread invokes the notify() method or the notifyAll() method for this object, or some other thread interrupts the current thread, or a certain amount of real time has elapsed.",,,,,,,,,,
,,,,,,,,,,,,
android.net.ParseException,final void wait(long millis)," Causes the current thread to wait until either another thread invokes the notify() method or the notifyAll() method for this object, or a specified amount of time has elapsed.",,,,,,,,,,
,,,,,,,,,,,,
android.net.ParseException,final void wait(), Causes the current thread to wait until another thread invokes the notify() method or the notifyAll() method for this object.,,,,,,,,,,
,,,,,,,,,,,,
android.net.sip.SipException,"final void wait(long millis, int nanos)"," Causes the current thread to wait until another thread invokes the notify() method or the notifyAll() method for this object, or some other thread interrupts the current thread, or a certain amount of real time has elapsed.",,,,,,,,,,
,,,,,,,,,,,,
android.net.sip.SipException,final void wait(long millis)," Causes the current thread to wait until either another thread invokes the notify() method or the notifyAll() method for this object, or a specified amount of time has elapsed.",,,,,,,,,,
,,,,,,,,,,,,
android.net.sip.SipException,final void wait(), Causes the current thread to wait until another thread invokes the notify() method or the notifyAll() method for this object.,,,,,,,,,,
,,,,,,,,,,,,
android.net.SSLSessionCache,"final void wait(long millis, int nanos)"," Causes the current thread to wait until another thread invokes the notify() method or the notifyAll() method for this object, or some other thread interrupts the current thread, or a certain amount of real time has elapsed.",,,,,,,,,,
,,,,,,,,,,,,
android.net.SSLSessionCache,final void wait(long millis)," Causes the current thread to wait until either another thread invokes the notify() method or the notifyAll() method for this object, or a specified amount of time has elapsed.",,,,,,,,,,
,,,,,,,,,,,,
android.net.SSLSessionCache,final void wait(), Causes the current thread to wait until another thread invokes the notify() method or the notifyAll() method for this object.,,,,,,,,,,
,,,,,,,,,,,,
android.net.UrlQuerySanitizer.ParameterValuePair,"final void wait(long millis, int nanos)"," Causes the current thread to wait until another thread invokes the notify() method or the notifyAll() method for this object, or some other thread interrupts the current thread, or a certain amount of real time has elapsed.",,,,,,,,,,
,,,,,,,,,,,,
android.net.UrlQuerySanitizer.ParameterValuePair,final void wait(long millis)," Causes the current thread to wait until either another thread invokes the notify() method or the notifyAll() method for this object, or a specified amount of time has elapsed.",,,,,,,,,,
,,,,,,,,,,,,
android.net.UrlQuerySanitizer.ParameterValuePair,final void wait(), Causes the current thread to wait until another thread invokes the notify() method or the notifyAll() method for this object.,,,,,,,,,,
,,,,,,,,,,,,
android.net.wifi.WifiConfiguration.AuthAlgorithm,"final void wait(long millis, int nanos)"," Causes the current thread to wait until another thread invokes the notify() method or the notifyAll() method for this object, or some other thread interrupts the current thread, or a certain amount of real time has elapsed.",,,,,,,,,,
,,,,,,,,,,,,
android.net.wifi.WifiConfiguration.AuthAlgorithm,final void wait(long millis)," Causes the current thread to wait until either another thread invokes the notify() method or the notifyAll() method for this object, or a specified amount of time has elapsed.",,,,,,,,,,
,,,,,,,,,,,,
android.net.wifi.WifiConfiguration.AuthAlgorithm,final void wait(), Causes the current thread to wait until another thread invokes the notify() method or the notifyAll() method for this object.,,,,,,,,,,
,,,,,,,,,,,,
android.net.wifi.WifiConfiguration.GroupCipher,"final void wait(long millis, int nanos)"," Causes the current thread to wait until another thread invokes the notify() method or the notifyAll() method for this object, or some other thread interrupts the current thread, or a certain amount of real time has elapsed.",,,,,,,,,,
,,,,,,,,,,,,
android.net.wifi.WifiConfiguration.GroupCipher,final void wait(long millis)," Causes the current thread to wait until either another thread invokes the notify() method or the notifyAll() method for this object, or a specified amount of time has elapsed.",,,,,,,,,,
,,,,,,,,,,,,
android.net.wifi.WifiConfiguration.GroupCipher,final void wait(), Causes the current thread to wait until another thread invokes the notify() method or the notifyAll() method for this object.,,,,,,,,,,
,,,,,,,,,,,,
android.net.wifi.WifiConfiguration.KeyMgmt,"final void wait(long millis, int nanos)"," Causes the current thread to wait until another thread invokes the notify() method or the notifyAll() method for this object, or some other thread interrupts the current thread, or a certain amount of real time has elapsed.",,,,,,,,,,
,,,,,,,,,,,,
android.net.wifi.WifiConfiguration.KeyMgmt,final void wait(long millis)," Causes the current thread to wait until either another thread invokes the notify() method or the notifyAll() method for this object, or a specified amount of time has elapsed.",,,,,,,,,,
,,,,,,,,,,,,
android.net.wifi.WifiConfiguration.KeyMgmt,final void wait(), Causes the current thread to wait until another thread invokes the notify() method or the notifyAll() method for this object.,,,,,,,,,,
,,,,,,,,,,,,
android.net.wifi.WifiConfiguration.PairwiseCipher,"final void wait(long millis, int nanos)"," Causes the current thread to wait until another thread invokes the notify() method or the notifyAll() method for this object, or some other thread interrupts the current thread, or a certain amount of real time has elapsed.",,,,,,,,,,
,,,,,,,,,,,,
android.net.wifi.WifiConfiguration.PairwiseCipher,final void wait(long millis)," Causes the current thread to wait until either another thread invokes the notify() method or the notifyAll() method for this object, or a specified amount of time has elapsed.",,,,,,,,,,
,,,,,,,,,,,,
android.net.wifi.WifiConfiguration.PairwiseCipher,final void wait(), Causes the current thread to wait until another thread invokes the notify() method or the notifyAll() method for this object.,,,,,,,,,,
,,,,,,,,,,,,
android.net.wifi.WifiConfiguration.Protocol,"final void wait(long millis, int nanos)"," Causes the current thread to wait until another thread invokes the notify() method or the notifyAll() method for this object, or some other thread interrupts the current thread, or a certain amount of real time has elapsed.",,,,,,,,,,
,,,,,,,,,,,,
android.net.wifi.WifiConfiguration.Protocol,final void wait(long millis)," Causes the current thread to wait until either another thread invokes the notify() method or the notifyAll() method for this object, or a specified amount of time has elapsed.",,,,,,,,,,
,,,,,,,,,,,,
android.net.wifi.WifiConfiguration.Protocol,final void wait(), Causes the current thread to wait until another thread invokes the notify() method or the notifyAll() method for this object.,,,,,,,,,,
,,,,,,,,,,,,
android.net.wifi.WifiConfiguration.Status,"final void wait(long millis, int nanos)"," Causes the current thread to wait until another thread invokes the notify() method or the notifyAll() method for this object, or some other thread interrupts the current thread, or a certain amount of real time has elapsed.",,,,,,,,,,
,,,,,,,,,,,,
android.net.wifi.WifiConfiguration.Status,final void wait(long millis)," Causes the current thread to wait until either another thread invokes the notify() method or the notifyAll() method for this object, or a specified amount of time has elapsed.",,,,,,,,,,
,,,,,,,,,,,,
android.net.wifi.WifiConfiguration.Status,final void wait(), Causes the current thread to wait until another thread invokes the notify() method or the notifyAll() method for this object.,,,,,,,,,,
,,,,,,,,,,,,
android.net.wifi.WifiEnterpriseConfig.Eap,"final void wait(long millis, int nanos)"," Causes the current thread to wait until another thread invokes the notify() method or the notifyAll() method for this object, or some other thread interrupts the current thread, or a certain amount of real time has elapsed.",,,,,,,,,,
,,,,,,,,,,,,
android.net.wifi.WifiEnterpriseConfig.Eap,final void wait(long millis)," Causes the current thread to wait until either another thread invokes the notify() method or the notifyAll() method for this object, or a specified amount of time has elapsed.",,,,,,,,,,
,,,,,,,,,,,,
android.net.wifi.WifiEnterpriseConfig.Eap,final void wait(), Causes the current thread to wait until another thread invokes the notify() method or the notifyAll() method for this object.,,,,,,,,,,
,,,,,,,,,,,,
android.net.wifi.WifiEnterpriseConfig.Phase2,"final void wait(long millis, int nanos)"," Causes the current thread to wait until another thread invokes the notify() method or the notifyAll() method for this object, or some other thread interrupts the current thread, or a certain amount of real time has elapsed.",,,,,,,,,,
,,,,,,,,,,,,
android.net.wifi.WifiEnterpriseConfig.Phase2,final void wait(long millis)," Causes the current thread to wait until either another thread invokes the notify() method or the notifyAll() method for this object, or a specified amount of time has elapsed.",,,,,,,,,,
,,,,,,,,,,,,
android.net.wifi.WifiEnterpriseConfig.Phase2,final void wait(), Causes the current thread to wait until another thread invokes the notify() method or the notifyAll() method for this object.,,,,,,,,,,
,,,,,,,,,,,,
android.net.wifi.WifiManager.MulticastLock,void acquire(), Locks Wifi Multicast on until release() is called.,wifi,lock,android.net.wifi.WifiManager.MulticastLock.acquire(),wifi,release,android.net.wifi.WifiManager.MulticastLock.release(),,,,A until B
,,,,,,,,,,,,
android.net.wifi.WifiManager.WifiLock,void acquire(), Locks the Wi-Fi radio on until release() is called.,wifi,lock,android.net.wifi.WifiManager.WifiLock.acquire(),wifi,release,android.net.wifi.WifiManager.WifiLock.release(),,,,A until B
,,,,,,,,,,,,
android.view.animation.Animation.Description,"final void wait(long millis, int nanos)"," Causes the current thread to wait until another thread invokes the notify() method or the notifyAll() method for this object, or some other thread interrupts the current thread, or a certain amount of real time has elapsed.",,,,,,,,,,
,,,,,,,,,,,,
android.view.animation.Animation.Description,final void wait(long millis)," Causes the current thread to wait until either another thread invokes the notify() method or the notifyAll() method for this object, or a specified amount of time has elapsed.",,,,,,,,,,
,,,,,,,,,,,,
android.view.animation.Animation.Description,final void wait(), Causes the current thread to wait until another thread invokes the notify() method or the notifyAll() method for this object.,,,,,,,,,,
,,,,,,,,,,,,
android.view.animation.BaseInterpolator,"final void wait(long millis, int nanos)"," Causes the current thread to wait until another thread invokes the notify() method or the notifyAll() method for this object, or some other thread interrupts the current thread, or a certain amount of real time has elapsed.",,,,,,,,,,
,,,,,,,,,,,,
android.view.animation.BaseInterpolator,final void wait(long millis)," Causes the current thread to wait until either another thread invokes the notify() method or the notifyAll() method for this object, or a specified amount of time has elapsed.",,,,,,,,,,
,,,,,,,,,,,,
android.view.animation.BaseInterpolator,final void wait(), Causes the current thread to wait until another thread invokes the notify() method or the notifyAll() method for this object.,,,,,,,,,,
,,,,,,,,,,,,
android.view.animation.GridLayoutAnimationController.AnimationParameters,"final void wait(long millis, int nanos)"," Causes the current thread to wait until another thread invokes the notify() method or the notifyAll() method for this object, or some other thread interrupts the current thread, or a certain amount of real time has elapsed.",,,,,,,,,,
,,,,,,,,,,,,
android.view.animation.GridLayoutAnimationController.AnimationParameters,final void wait(long millis)," Causes the current thread to wait until either another thread invokes the notify() method or the notifyAll() method for this object, or a specified amount of time has elapsed.",,,,,,,,,,
,,,,,,,,,,,,
android.view.animation.GridLayoutAnimationController.AnimationParameters,final void wait(), Causes the current thread to wait until another thread invokes the notify() method or the notifyAll() method for this object.,,,,,,,,,,
,,,,,,,,,,,,
android.view.animation.LayoutAnimationController.AnimationParameters,"final void wait(long millis, int nanos)"," Causes the current thread to wait until another thread invokes the notify() method or the notifyAll() method for this object, or some other thread interrupts the current thread, or a certain amount of real time has elapsed.",,,,,,,,,,
,,,,,,,,,,,,
android.view.animation.LayoutAnimationController.AnimationParameters,final void wait(long millis)," Causes the current thread to wait until either another thread invokes the notify() method or the notifyAll() method for this object, or a specified amount of time has elapsed.",,,,,,,,,,
,,,,,,,,,,,,
android.view.animation.LayoutAnimationController.AnimationParameters,final void wait(), Causes the current thread to wait until another thread invokes the notify() method or the notifyAll() method for this object.,,,,,,,,,,
,,,,,,,,,,,,
android.view.HapticFeedbackConstants,"final void wait(long millis, int nanos)"," Causes the current thread to wait until another thread invokes the notify() method or the notifyAll() method for this object, or some other thread interrupts the current thread, or a certain amount of real time has elapsed.",,,,,,,,,,
,,,,,,,,,,,,
android.view.HapticFeedbackConstants,final void wait(long millis)," Causes the current thread to wait until either another thread invokes the notify() method or the notifyAll() method for this object, or a specified amount of time has elapsed.",,,,,,,,,,
,,,,,,,,,,,,
android.view.HapticFeedbackConstants,final void wait(), Causes the current thread to wait until another thread invokes the notify() method or the notifyAll() method for this object.,,,,,,,,,,
,,,,,,,,,,,,
android.view.InflateException,"final void wait(long millis, int nanos)"," Causes the current thread to wait until another thread invokes the notify() method or the notifyAll() method for this object, or some other thread interrupts the current thread, or a certain amount of real time has elapsed.",,,,,,,,,,
,,,,,,,,,,,,
android.view.InflateException,final void wait(long millis)," Causes the current thread to wait until either another thread invokes the notify() method or the notifyAll() method for this object, or a specified amount of time has elapsed.",,,,,,,,,,
,,,,,,,,,,,,
android.view.InflateException,final void wait(), Causes the current thread to wait until another thread invokes the notify() method or the notifyAll() method for this object.,,,,,,,,,,
,,,,,,,,,,,,
android.view.KeyCharacterMap.KeyData,"final void wait(long millis, int nanos)"," Causes the current thread to wait until another thread invokes the notify() method or the notifyAll() method for this object, or some other thread interrupts the current thread, or a certain amount of real time has elapsed.",,,,,,,,,,
,,,,,,,,,,,,
android.view.KeyCharacterMap.KeyData,final void wait(long millis)," Causes the current thread to wait until either another thread invokes the notify() method or the notifyAll() method for this object, or a specified amount of time has elapsed.",,,,,,,,,,
,,,,,,,,,,,,
android.view.KeyCharacterMap.KeyData,final void wait(), Causes the current thread to wait until another thread invokes the notify() method or the notifyAll() method for this object.,,,,,,,,,,
,,,,,,,,,,,,
android.view.KeyCharacterMap.UnavailableException,"final void wait(long millis, int nanos)"," Causes the current thread to wait until another thread invokes the notify() method or the notifyAll() method for this object, or some other thread interrupts the current thread, or a certain amount of real time has elapsed.",,,,,,,,,,
,,,,,,,,,,,,
android.view.KeyCharacterMap.UnavailableException,final void wait(long millis)," Causes the current thread to wait until either another thread invokes the notify() method or the notifyAll() method for this object, or a specified amount of time has elapsed.",,,,,,,,,,
,,,,,,,,,,,,
android.view.KeyCharacterMap.UnavailableException,final void wait(), Causes the current thread to wait until another thread invokes the notify() method or the notifyAll() method for this object.,,,,,,,,,,
,,,,,,,,,,,,
android.view.Surface.OutOfResourcesException,"final void wait(long millis, int nanos)"," Causes the current thread to wait until another thread invokes the notify() method or the notifyAll() method for this object, or some other thread interrupts the current thread, or a certain amount of real time has elapsed.",,,,,,,,,,
,,,,,,,,,,,,
android.view.Surface.OutOfResourcesException,final void wait(long millis)," Causes the current thread to wait until either another thread invokes the notify() method or the notifyAll() method for this object, or a specified amount of time has elapsed.",,,,,,,,,,
,,,,,,,,,,,,
android.view.Surface.OutOfResourcesException,final void wait(), Causes the current thread to wait until another thread invokes the notify() method or the notifyAll() method for this object.,,,,,,,,,,
,,,,,,,,,,,,
android.view.SurfaceHolder.BadSurfaceTypeException,"final void wait(long millis, int nanos)"," Causes the current thread to wait until another thread invokes the notify() method or the notifyAll() method for this object, or some other thread interrupts the current thread, or a certain amount of real time has elapsed.",,,,,,,,,,
,,,,,,,,,,,,
android.view.SurfaceHolder.BadSurfaceTypeException,final void wait(long millis)," Causes the current thread to wait until either another thread invokes the notify() method or the notifyAll() method for this object, or a specified amount of time has elapsed.",,,,,,,,,,
,,,,,,,,,,,,
android.view.SurfaceHolder.BadSurfaceTypeException,final void wait(), Causes the current thread to wait until another thread invokes the notify() method or the notifyAll() method for this object.,,,,,,,,,,
,,,,,,,,,,,,
android.view.SurfaceHolder.Callback2,"default void surfaceRedrawNeededAsync(SurfaceHolder holder, Runnable drawingFinished)", An alternative to surfaceRedrawNeeded where it is not required to block until the redraw is complete.,,,,,,,,,,
